INSERT INTO bills (bill_id, guest_id, room_id, service_id, date, amount)
VALUES
    (1, 12, 5, 3, '2022-01-01', 100.0),
    (2, 15, 2, 8, '2022-01-02', 200.0),
    (3, 9, 7, 1, '2022-01-03', 300.0),
    (4, 6, 4, 2, '2022-01-04', 400.0),
    (5, 19, 1, 4, '2022-01-05', 500.0),
    (6, 3, 6, 7, '2022-01-06', 600.0),
    (7, 18, 3, 5, '2022-01-07', 700.0),
    (8, 7, 8, 6, '2022-01-08', 800.0),
    (9, 13, 9, 3, '2022-01-09', 900.0),
    (10, 4, 10, 1, '2022-01-10', 1000.0),
    (11, 16, 1, 2, '2022-01-11', 1100.0),
    (12, 1, 2, 8, '2022-01-12', 1200.0),
    (13, 14, 3, 7, '2022-01-13', 1300.0),
    (14, 10, 4, 4, '2022-01-14', 1400.0),
    (15, 5, 5, 5, '2022-01-15', 1500.0),
    (16, 11, 6, 6, '2022-01-16', 1600.0),
    (17, 20, 7, 3, '2022-01-17', 1700.0),
    (18, 8, 8, 1, '2022-01-18', 1800.0),
    (19, 2, 9, 2, '2022-01-19', 1900.0),
    (20, 17, 10, 8, '2022-01-20', 2000.0);

INSERT INTO bookings (booking_id, guest_id, room_id, check_in_date, check_out_date)
VALUES
    (1, 12, 5, '2022-01-01', '2022-01-03'),
    (2, 15, 2, '2022-01-04', '2022-01-07'),
    (3, 9, 7, '2022-01-08', '2022-01-10'),
    (4, 6, 4, '2022-01-11', '2022-01-14'),
    (5, 19, 1, '2022-01-15', '2022-01-18'),
    (6, 3, 6, '2022-01-19', '2022-01-22'),
    (7, 18, 3, '2022-01-23', '2022-01-26'),
    (8, 7, 8, '2022-01-27', '2022-01-30'),
    (9, 13, 9, '2022-01-31', '2022-02-03'),
    (10, 4, 10, '2022-02-04', '2022-02-07'),
    (11, 16, 1, '2022-02-08', '2022-02-11'),
    (12, 1, 2, '2022-02-12', '2022-02-15'),
    (13, 14, 3, '2022-02-16', '2022-02-19'),
    (14, 10, 4, '2022-02-20', '2022-02-23'),
    (15, 5, 5, '2022-02-24', '2022-02-27'),
    (16, 11, 6, '2022-02-28', '2022-03-03'),
    (17, 20, 7, '2022-03-04', '2022-03-07'),
    (18, 8, 8, '2022-03-08', '2022-03-11'),
    (19, 2, 9, '2022-03-12', '2022-03-15'),
    (20, 17, 10, '2022-03-16', '2022-03-19');

INSERT INTO departments (department_id, name, description)
VALUES
    (1, 'Marketing', 'Handles all marketing efforts for the company'),
    (2, 'Sales', 'Handles all sales efforts for the company'),
    (3, 'Engineering', 'Handles all engineering and product development efforts for the company'),
    (4, 'Finance', 'Handles all financial planning and analysis for the company'),
    (5, 'Operations', 'Handles all operational and logistics management for the company'),
    (6, 'Legal', 'Handles all legal and compliance matters for the company'),
    (7, 'Customer Support', 'Handles all customer support and service inquiries for the company'),
    (8, 'Research and Development', 'Handles all research and development efforts for the company'),
    (9, 'Human Resources', 'Handles all HR-related efforts for the company'),
    (10, 'Information Technology', 'Handles all IT and cybersecurity efforts for the company'),
    (11, 'Business Development', 'Handles all business development and partnerships for the company'),
    (12, 'Product Management', 'Handles all business managements and partnerships for the company'),
    (13, 'Project Management', 'Handles all project management and coordination for the company'),
    (14, 'Communications', 'Handles all internal and external communication for the company'),
    (15, 'Creative Services', 'Handles all creative and design work for the company'),
    (16, 'Content Marketing', 'Handles all content marketing and content strategy for the company'),
    (17, 'Data Science', 'Handles all data analysis and data-driven decision making for the company'),
    (18, 'Quality Assurance', 'Handles all quality assurance and testing for the company'),
    (19, 'Software Development', 'Handles all software development and engineering for the company'),
    (20, 'Strategy and Planning', 'Handles all strategic planning and long-term vision for the company');

INSERT INTO employees (employee_id, first_name, last_name, email, phone_number, job_title, department_id)
VALUES
    (1, 'John', 'Doe', 'john.doe@example.com', '555-555-1212', 'Marketing Manager', 1),
    (2, 'Jane', 'Doe', 'jane.doe@example.com', '555-555-1212', 'Sales Representative', 2),
    (3, 'Bob', 'Smith', 'bob.smith@example.com', '555-555-1212', 'Software Engineer', 3),
    (4, 'Sally', 'Johnson', 'sally.johnson@example.com', '555-555-1212', 'HR Manager', 9),
    (5, 'Mike', 'Williams', 'mike.williams@example.com', '555-555-1212', 'Finance Analyst', 4),
    (6, 'Jessica', 'Brown', 'jessica.brown@example.com', '555-555-1212', 'Operations Manager', 5),
    (7, 'Chris', 'Davis', 'chris.davis@example.com', '555-555-1212', 'Legal Counsel', 6),
    (8, 'Emily', 'Moore', 'emily.moore@example.com', '555-555-1212', 'Customer Support Representative', 7),
    (9, 'David', 'Taylor', 'david.taylor@example.com', '555-555-1212', 'Research Scientist', 8),
    (10, 'Sarah', 'Lee', 'sarah.lee@example.com', '555-555-1212', 'IT Technician', 10),
    (11, 'Jason', 'Parker', 'jason.parker@example.com', '555-555-1212', 'Business Development Manager', 11),
    (12, 'Nicole', 'Rodriguez', 'nicole.rodriguez@example.com', '555-555-1212', 'Product Manager', 12),
    (13, 'Alex', 'Garcia', 'alex.garcia@example.com', '555-555-1212', 'Project Coordinator', 13),
    (14, 'Megan', 'Baker', 'megan.baker@example.com', '555-555-1212', 'Communications Specialist', 14),
    (15, 'Michael', 'Jones', 'michael.jones@example.com', '555-555-1212', 'Graphic Designer', 15),
    (16, 'Emma', 'Wilson', 'emma.wilson@example.com', '555-555-1212', 'Content Strategist', 16),
    (17, 'Ryan', 'Taylor', 'ryan.taylor@example.com', '555-555-1212', 'Data Scientist', 17),
    (18, 'Linda', 'Miller', 'linda.miller@example.com', '555-555-1212', 'QA Tester', 18),
    (19, 'Brian', 'Andrews', 'brian.andrews@example.com', '555-555-1212', 'QA Tester',18),
    (20, 'Ashley', 'Williams', 'ashley.williams@example.com', '555-555-1212', 'Software Developer', 19);

INSERT INTO guests (guest_id, first_name, last_name, email, phone_number, special_requests)
VALUES
    (1, 'John', 'Doe', 'john.doe@example.com', '555-555-1212', 'None'),
    (2, 'Jane', 'Doe', 'jane.doe@example.com', '555-555-1212', 'None'),
    (3, 'Bob', 'Smith', 'bob.smith@example.com', '555-555-1212', 'None'),
    (4, 'Sally', 'Johnson', 'sally.johnson@example.com', '555-555-1212', 'None'),
    (5, 'Mike', 'Williams', 'mike.williams@example.com', '555-555-1212', 'None'),
    (6, 'Jessica', 'Brown', 'jessica.brown@example.com', '555-555-1212', 'None'),
    (7, 'Chris', 'Davis', 'chris.davis@example.com', '555-555-1212', 'None'),
    (8, 'Emily', 'Moore', 'emily.moore@example.com', '555-555-1212', 'None'),
    (9, 'David', 'Taylor', 'david.taylor@example.com', '555-555-1212', 'None'),
    (10, 'Sarah', 'Lee', 'sarah.lee@example.com', '555-555-1212', 'None'),
    (11, 'Jason', 'Parker', 'jason.parker@example.com', '555-555-1212', 'None'),
    (12, 'Nicole', 'Rodriguez', 'nicole.rodriguez@example.com', '555-555-1212', 'None'),
    (13, 'Alex', 'Garcia', 'alex.garcia@example.com', '555-555-1212', 'None'),
    (14, 'Megan', 'Baker', 'megan.baker@example.com', '555-555-1212', 'None'),
    (15, 'Michael', 'Jones', 'michael.jones@example.com', '555-555-1212', 'None'),
    (16, 'Emma', 'Wilson', 'emma.wilson@example.com', '555-555-1212', 'None'),
    (17, 'Ryan', 'Taylor', 'ryan.taylor@example.com', '555-555-1212', 'None'),
    (18, 'Linda', 'Miller', 'linda.miller@example.com', '555-555-1212', 'None'),
    (19, 'Brian', 'Andrews', 'brian.andrews@example.com', '555-555-1212', 'None'),
    (20, 'Ashley', 'Williams', 'ashley.williams@example.com', '555-555-1212', 'None');

INSERT INTO payments (payment_id, bill_id, payment_method, amount)
VALUES
    (1, 1, 'Visa', 100.00),
    (2, 2, 'Mastercard', 50.00),
    (3, 3, 'Discover', 25.00),
    (4, 4, 'American Express', 200.00),
    (5, 5, 'Paypal', 75.00),
    (6, 6, 'Visa', 300.00),
    (7, 7, 'Mastercard', 125.00),
    (8, 8, 'Discover', 50.00),
    (9, 9, 'American Express', 150.00),
    (10, 10, 'Paypal', 250.00),
    (11, 11, 'Visa', 200.00),
    (12, 12, 'Mastercard', 75.00),
    (13, 13, 'Discover', 100.00),
    (14, 14, 'American Express', 50.00),
    (15, 15, 'Paypal', 300.00),
    (16, 16, 'Visa', 125.00),
    (17, 17, 'Mastercard', 250.00),
    (18, 18, 'Discover', 150.00),
    (19, 19, 'American Express', 75.00),
    (20, 20, 'Paypal', 200.00);

INSERT INTO reviews (review_id, guest_id, rating, review)
VALUES
    (1, 1, 5, 'We had a great stay at this hotel! The room was clean and comfortable, and the staff were very helpful and friendly. We will definitely be coming back in the future.'),
    (2, 2, 4, 'The hotel was nice and the staff were friendly, but the room could have been a little cleaner. Overall, it was a good experience.'),
    (3, 3, 3, 'The hotel was fine, but nothing particularly special. The room was clean, but the bed was a little uncomfortable. The staff were helpful, but not particularly friendly.'),
    (4, 4, 5, 'We had a great time at this hotel! The room was clean and comfortable, and the staff were very friendly and helpful. We will definitely be coming back.'),
    (5, 5, 4, 'The hotel was nice and the staff were friendly, but the room could have been a little cleaner. Overall, it was a good experience.'),
    (6, 6, 3, 'The hotel was fine, but nothing particularly special. The room was clean, but the bed was a little uncomfortable. The staff were helpful, but not particularly friendly.'),
    (7, 7, 5, 'We had a fantastic stay at this hotel! The room was clean and comfortable, and the staff were extremely helpful and friendly. We will definitely be coming back.'),
    (8, 8, 4, 'The hotel was nice and the staff were friendly, but the room could have been a little cleaner. Overall, it was a good experience.'),
    (9, 9, 3, 'The hotel was fine, but nothing particularly special. The room was clean, but the bed was a little uncomfortable. The staff were helpful, but not particularly friendly.'),
    (10, 10, 5, 'We had a great time at this hotel! The room was clean and comfortable, and the staff were very friendly and helpful. We will definitely be coming back.'),
    (11, 11, 4, 'The hotel was nice and the staff were friendly, but the room could have been a little cleaner. Overall, it was a good experience.'),
    (12, 12, 3, 'The hotel was fine, but nothing particularly special. The room was clean, but the bed was a little uncomfortable. The staff were helpful, but not particularly friendly.'),
    (13, 13, 5, 'We had a fantastic stay at this hotel! The room was clean and comfortable, and the staff were extremely helpful and friendly. We will definitely be coming back.'),
    (14, 14, 4, 'The hotel was nice and the staff were friendly, but the room could have been a little cleaner. Overall, it was a good experience.'),
    (15, 15, 3, 'The hotel was fine, but nothing particularly special. The room was clean, but the bed was a little uncomfortable. The staff were helpful, but not particularly friendly.'),
    (16, 16, 5, 'We had a great time at this hotel! The room was clean and comfortable, and the staff were very friendly and helpful. We will definitely be coming back.'),
    (17, 17, 4, 'The hotel was nice and the staff were friendly, but the room could have been a little cleaner. Overall, it was a good experience.'),
    (18, 18, 3, 'The hotel was fine, but nothing particularly special. The room was clean, but the bed was a little uncomfortable. The staff were helpful, but not particularly friendly.'),
    (19, 19, 5, 'We had a fantastic stay at this hotel! The room was clean and comfortable, and the staff were extremely helpful and friendly. We will definitely be coming back.'),
    (20, 20, 4, 'The hotel was nice and the staff were friendly, but the room could have been a little cleaner. Overall, it was a good experience.');

INSERT INTO room_categories (category_id, name, description)
VALUES
    (1, 'Standard', 'A standard room with a queen-size bed, private bathroom, and basic amenities.'),
    (2, 'Deluxe', 'A deluxe room with a king-size bed, private bathroom, and upgraded amenities such as a mini fridge and coffee maker.'),
    (3, 'Suite', 'A suite with a separate living room and bedroom, private bathroom, and premium amenities such as a kitchenette and Jacuzzi tub.'),
    (4, 'Executive', 'An executive room with a king-size bed, private bathroom, and executive-level amenities such as a private lounge and concierge service.'),
    (5, 'Family', 'A family room with two queen-size beds, private bathroom, and amenities suitable for families such as a play area and extra bedding.'),
    (6, 'Accessible', 'An accessible room with a queen-size bed, private bathroom, and amenities suitable for guests with disabilities such as a roll-in shower and grab bars.'),
    (7, 'Standard', 'A standard room with a queen-size bed, private bathroom, and basic amenities.'),
    (8, 'Deluxe', 'A deluxe room with a king-size bed, private bathroom, and upgraded amenities such as a mini fridge and coffee maker.'),
    (9, 'Suite', 'A suite with a separate living room and bedroom, private bathroom, and premium amenities such as a kitchenette and Jacuzzi tub.'),
    (10, 'Executive', 'An executive room with a king-size bed, private bathroom, and executive-level amenities such as a private lounge and concierge service.'),
    (11, 'Family', 'A family room with two queen-size beds, private bathroom, and amenities suitable for families such as a play area and extra bedding.'),
    (12, 'Accessible', 'An accessible room with a queen-size bed, private bathroom, and amenities suitable for guests with disabilities such as a roll-in shower and grab bars.'),
    (13, 'Standard', 'A standard room with a queen-size bed, private bathroom, and basic amenities.'),
    (14, 'Deluxe', 'A deluxe room with a king-size bed, private bathroom, and upgraded amenities such as a mini fridge and coffee maker.'),
    (15, 'Suite', 'A suite with a separate living room and bedroom, private bathroom, and premium amenities such as a kitchenette and Jacuzzi tub.'),
    (16, 'Executive', 'An executive room with a king-size bed, private bathroom, and executive-level amenities such as a private lounge and concierge service.'),
    (17, 'Family', 'A family room with two queen-size beds, private bathroom, and amenities suitable for families such as a play area and extra bedding.'),
    (18, 'Accessible', 'An accessible room with a queen-size bed, private bathroom, and amenities suitable for guests with disabilities such as a roll-in shower and grab bars.'),
    (19, 'Standard', 'A standard room with a queen-size bed, private bathroom, and basic amenities.'),
    (20, 'Deluxe', 'A deluxe room with a king-size bed, private bathroom, and upgraded amenities such as a mini fridge and coffee maker.'),
    (21, 'Suite', 'A suite with a separate living room and bedroom, private bathroom, and premium amenities such as a kitchenette and Jacuzzi tub.'),
    (22, 'Executive', 'An executive room with a king-size bed, private bathroom, and executive-level amenities such as a private lounge and concierge service.'),
    (23, 'Family', 'A family room with two queen-size beds, private bathroom, and amenities suitable for families such as a play area and extra bedding.'),
    (24, 'Accessible', 'An accessible room with a queen-size bed, private bathroom, and amenities suitable for guests with disabilities such as a roll-in shower and grab bars.'),
    (25, 'Standard', 'A standard room with a queen-size bed, private bathroom, and basic amenities.'),
    (26, 'Deluxe', 'A deluxe room with a king-size bed, private bathroom, and upgraded amenities such as a mini fridge and coffee maker.'),
    (27, 'Suite', 'A suite with a separate living room and bedroom, private bathroom, and premium amenities such as a kitchenette and Jacuzzi tub.'),
    (28, 'Executive', 'An executive room with a king-size bed, private bathroom, and executive-level amenities such as a private lounge and concierge service.'),
    (29, 'Family', 'A family room with two queen-size beds, private bathroom, and amenities suitable for families such as a play area and extra bedding.'),
    (30, 'Accessible', 'An accessible room with a queen-size bed, private bathroom, and amenities suitable for guests with disabilities such as a roll-in shower and grab bars.');

INSERT INTO rooms (room_id, room_number, category_id)
VALUES
    (1, '101', 1),
    (2, '102', 2),
    (3, '103', 3),
    (4, '104', 4),
    (5, '105', 5),
    (6, '106', 6),
    (7, '107', 1),
    (8, '108', 2),
    (9, '109', 3),
    (10, '110', 4),
    (11, '111', 5),
    (12, '112', 6),
    (13, '113', 1),
    (14, '114', 2),
    (15, '115', 3),
    (16, '116', 4),
    (17, '117', 5),
    (18, '118', 6),
    (19, '119', 1),
    (20, '120', 2);

INSERT INTO service_bookings (service_booking_id, service_id, guest_id, date)
VALUES
    (1, 1, 1, '2022-01-01'),
    (2, 2, 2, '2022-01-02'),
    (3, 3, 3, '2022-01-03'),
    (4, 4, 4, '2022-01-04'),
    (5, 5, 5, '2022-01-05'),
    (6, 6, 6, '2022-01-06'),
    (7, 7, 7, '2022-01-07'),
    (8, 8, 8, '2022-01-08'),
    (9, 9, 9, '2022-01-09'),
    (10, 10, 10, '2022-01-10'),
    (11, 11, 11, '2022-01-11'),
    (12, 12, 12, '2022-01-12'),
    (13, 13, 13, '2022-01-13'),
    (14, 14, 14, '2022-01-14'),
    (15, 15, 15, '2022-01-15'),
    (16, 16, 16, '2022-01-16'),
    (17, 17, 17, '2022-01-17'),
    (18, 18, 18, '2022-01-18'),
    (19, 19, 19, '2022-01-19'),
    (20, 20, 20, '2022-01-20');

INSERT INTO services (service_id, name, description, price)
VALUES
    (1, 'Breakfast', 'A full breakfast served in the hotel restaurant.', 15.00),
    (2, 'Lunch', 'A lunch served in the hotel restaurant or as a packed lunch to go.', 20.00),
    (3, 'Dinner', 'A dinner served in the hotel restaurant.', 25.00),
    (4, 'Room service', 'In-room dining service available 24/7.', 30.00),
    (5, 'Laundry', 'Laundry and dry cleaning services.', 10.00),
    (6, 'Spa', 'Spa services including massages and facials.', 75.00),
    (7, 'Gym', 'Access to the hotel gym.', 10.00),
    (8, 'Pool', 'Access to the hotel pool.', 10.00),
    (9, 'Sauna', 'Access to the hotel sauna.', 10.00),
    (10, 'Shuttle', 'Complimentary shuttle service to and from the airport.', 0.00),
    (11, 'Parking', 'On-site parking for hotel guests.', 10.00),
    (12, 'Babysitting', 'Babysitting services for children aged 3 and up.', 20.00),
    (13, 'Tour desk', 'Assistance with booking tours and activities in the local area.', 0.00),
    (14, 'Business center', 'Access to the hotel business center with computers, printers, and fax machines.', 0.00),
    (15, 'Meeting rooms', 'Meeting rooms available for rent.', 50.00),
    (16, 'Wedding services', 'Wedding planning and catering services.', 500.00),
    (17, 'Pet services', 'Pet-sitting and grooming services for hotel guests traveling with pets.', 25.00),
    (18, 'Car rental', 'Car rental services through the hotel.', 50.00),
    (19, 'Bicycle rental', 'Bicycle rental services for exploring the local area.', 20.00),
    (20, 'Concierge', 'Assistance with reservations, recommendations, and other requests from the hotel concierge.', 0.00);


